/*!40101 SET @saved_cs_client     = @@character_set_client */;
/*!50503 SET character_set_client = utf8mb4 */;
CREATE TABLE `collegefee` (
  `rollno` varchar(20) DEFAULT NULL,
  `course` varchar(20) DEFAULT NULL,
  `branch` varchar(20) DEFAULT NULL,
  `semester` varchar(20) DEFAULT NULL,
  `total` varchar(20) DEFAULT NULL
) ENGINE=InnoDB DEFAULT CHARSET=utf8mb4 COLLATE=utf8mb4_0900_ai_ci;
/*!40101 SET character_set_client = @saved_cs_client */;
/*!40101 SET @saved_cs_client     = @@character_set_client */;
/*!50503 SET character_set_client = utf8mb4 */;
CREATE TABLE `department_courses` (
  `dept` varchar(10) NOT NULL,
  `sem` int NOT NULL,
  `course_code` varchar(10) NOT NULL,
  `course_name` varchar(100) DEFAULT NULL,
  `credit` decimal(4,1) DEFAULT NULL,
  `type` enum('Theory','Lab') DEFAULT NULL,
  PRIMARY KEY (`dept`,`sem`,`course_code`)
) ENGINE=InnoDB DEFAULT CHARSET=utf8mb4 COLLATE=utf8mb4_0900_ai_ci;
/*!40101 SET character_set_client = @saved_cs_client */;
INSERT INTO `department_courses` VALUES ('ANP',1,'ANP101','Introduction to Anthropology',3.0,'Theory'),('ANP',1,'ANP102','Human Evolution',3.0,'Theory'),('ANP',1,'ANP103','Anthropology Lab I',2.0,'Lab'),('ANP',1,'BIO101','Biology Fundamentals',3.0,'Theory'),('ANP',1,'SOC101','Sociology Basics',3.0,'Theory'),('ANP',2,'ANP201','Cultural Anthropology',3.0,'Theory'),('ANP',2,'ANP202','Social Anthropology',3.0,'Theory'),('ANP',2,'ANP203','Lab II',2.0,'Lab'),('ANP',2,'HIS201','History of Civilization',3.0,'Theory'),('ANP',2,'SOC201','Sociological Methods',3.0,'Theory'),('ANP',3,'ANP301','Archaeology',3.0,'Theory'),('ANP',3,'ANP302','Anthropometry',3.0,'Lab'),('ANP',3,'ANP303','Linguistic Anthropology',3.0,'Theory'),('ANP',3,'ANP304','Research Methodology',3.0,'Theory'),('ANP',4,'ANP401','Medical Anthropology',3.0,'Theory'),('ANP',4,'ANP402','Forensic Anthropology',3.0,'Theory'),('ANP',4,'ANP403','Lab III',3.0,'Lab'),('ANP',4,'ANP404','Applied Anthropology',3.0,'Theory'),('ANP',5,'ANP501','Population Studies',3.0,'Theory'),('ANP',5,'ANP502','Anthropological Theories',3.0,'Theory'),('ANP',5,'ANP503','Field Study I',3.0,'Lab'),('ANP',5,'ANP504','Elective I',3.0,'Theory'),('ANP',6,'ANP601','Urban Anthropology',3.0,'Theory'),('ANP',6,'ANP602','Ethnography',3.0,'Theory'),('ANP',6,'ANP603','Lab IV',3.0,'Lab'),('ANP',6,'ANP604','Elective II',3.0,'Theory'),('ANP',7,'ANP701','Project Work I',5.0,'Lab'),('ANP',7,'ANP702','Elective III',3.0,'Theory'),('ANP',7,'ANP703','Seminar I',3.0,'Theory'),('ANP',8,'ANP801','Project Work II',5.0,'Lab'),('ANP',8,'ANP802','Elective IV',3.0,'Theory'),('ANP',8,'ANP803','Seminar II',3.0,'Theory'),('BAN',1,'BAN101','Bangla Language I',3.0,'Theory'),('BAN',1,'BAN102','Bangla Literature I',3.0,'Theory'),('BAN',1,'BAN103','Bangla Grammar',3.0,'Theory'),('BAN',1,'BAN104','Bangla Writing Lab',2.0,'Lab'),('BAN',1,'ENG101','English Communication I',3.0,'Theory'),('BAN',1,'ENG102','English Lab I',2.0,'Lab'),('BAN',2,'BAN201','Bangla Language II',3.0,'Theory'),('BAN',2,'BAN202','Bangla Literature II',3.0,'Theory'),('BAN',2,'BAN203','Bangla Poetry',3.0,'Theory'),('BAN',2,'BAN204','Bangla Drama Lab',2.0,'Lab'),('BAN',2,'ENG201','English Communication II',3.0,'Theory'),('BAN',2,'ENG202','English Lab II',2.0,'Lab'),('BAN',3,'BAN301','Bangla Prose',3.0,'Theory'),('BAN',3,'BAN302','Modern Bangla Literature',3.0,'Theory'),('BAN',3,'BAN303','Bangla Essay Writing',3.0,'Theory'),('BAN',3,'BAN304','Literature Lab',3.0,'Lab'),('BAN',4,'BAN401','Bangla Classical Literature',3.0,'Theory'),('BAN',4,'BAN402','Bangla Novel',3.0,'Theory'),('BAN',4,'BAN403','Bangla Short Story',3.0,'Theory'),('BAN',4,'BAN404','Bangla Writing Lab II',3.0,'Lab'),('BAN',5,'BAN501','Bangla Linguistics',3.0,'Theory'),('BAN',5,'BAN502','Bangla Criticism',3.0,'Theory'),('BAN',5,'BAN503','Elective I',3.0,'Theory'),('BAN',5,'BAN504','Research Methodology',3.0,'Theory'),('BAN',6,'BAN601','Advanced Bangla Grammar',3.0,'Theory'),('BAN',6,'BAN602','Bangla Literature History',3.0,'Theory'),('BAN',6,'BAN603','Elective II',3.0,'Theory'),('BAN',6,'BAN604','Lab III',3.0,'Lab'),('BAN',7,'BAN701','Bangla Modern Poetry',3.0,'Theory'),('BAN',7,'BAN702','Bangla Novel Analysis',3.0,'Theory'),('BAN',7,'BAN703','Project Work I',3.0,'Lab'),('BAN',7,'BAN704','Elective III',3.0,'Theory'),('BAN',8,'BAN801','Project Work II',5.0,'Lab'),('BAN',8,'BAN802','Elective IV',3.0,'Theory'),('BAN',8,'BAN803','Seminar',3.0,'Theory'),('BMB',1,'BIO101','Cell Biology',3.0,'Theory'),('BMB',1,'BMB101','Introduction to Biochemistry',3.0,'Theory'),('BMB',1,'BMB102','Biochemistry Lab I',2.0,'Lab'),('BMB',1,'CHE101','Chemistry I',3.0,'Theory'),('BMB',1,'CHE102','Chemistry Lab I',2.0,'Lab'),('BMB',1,'ENG101','English',3.0,'Theory'),('BMB',1,'ENG102','English Lab',1.0,'Lab'),('BMB',2,'BIO201','Genetics I',3.0,'Theory'),('BMB',2,'BIO202','Genetics Lab I',2.0,'Lab'),('BMB',2,'BMB201','Molecular Biology I',3.0,'Theory'),('BMB',2,'BMB202','Molecular Biology Lab I',2.0,'Lab'),('BMB',2,'ENG201','Communication English',3.0,'Theory'),('BMB',2,'MATH201','Linear Algebra',3.0,'Theory'),('BMB',3,'BMB301','Enzymology',3.0,'Theory'),('BMB',3,'BMB302','Protein Chemistry Lab',2.0,'Lab'),('BMB',3,'BMB303','Metabolism I',3.0,'Theory'),('BMB',3,'BMB304','Advanced Molecular Lab',3.0,'Lab'),('BMB',3,'BMB305','Bioinformatics I',3.0,'Theory'),('BMB',4,'BMB401','Metabolism II',3.0,'Theory'),('BMB',4,'BMB402','Metabolism Lab',2.0,'Lab'),('BMB',4,'BMB403','Immunology I',3.0,'Theory'),('BMB',4,'BMB404','Advanced Biochemistry Lab',3.0,'Lab'),('BMB',4,'BMB405','Biostatistics',2.0,'Theory'),('BMB',5,'BMB501','Molecular Genetics',3.0,'Theory'),('BMB',5,'BMB502','Cell Signaling',3.0,'Theory'),('BMB',5,'BMB503','Lab Techniques I',3.0,'Lab'),('BMB',5,'BMB504','Protein Engineering',3.0,'Theory'),('BMB',5,'BMB505','Advanced Lab I',2.0,'Lab'),('BMB',6,'BMB601','Immunology II',3.0,'Theory'),('BMB',6,'BMB602','Metabolomics Lab',3.0,'Lab'),('BMB',6,'BMB603','Molecular Diagnostics',3.0,'Lab'),('BMB',6,'BMB604','Advanced Bioinformatics',3.0,'Lab'),('BMB',7,'BMB701','Research Project I',4.0,'Lab'),('BMB',7,'BMB702','Clinical Biochemistry',3.0,'Theory'),('BMB',7,'BMB703','Advanced Molecular Lab II',3.0,'Lab'),('BMB',7,'BMB704','Seminar',2.0,'Lab'),('BMB',8,'BMB801','Capstone Project II',4.0,'Lab'),('BMB',8,'BMB802','Recent Advances in BMB',3.0,'Theory'),('BMB',8,'BMB803','Seminar II',2.0,'Lab'),('BMB',8,'BMB804','Ethics in Biochemistry',3.0,'Theory'),('CE',1,'CE101','Engineering Mechanics',3.0,'Theory'),('CE',1,'CENG101','Computer Programming (C)',3.0,'Theory'),('CE',1,'CENG102','Programming Lab',1.0,'Lab'),('CE',1,'CHE101','Chemistry for Civil Engineers',3.0,'Theory'),('CE',1,'CHE102','Chemistry Lab',2.0,'Lab'),('CE',1,'MATH101','Engineering Mathematics I',3.0,'Theory'),('CE',1,'PHY101','Physics for Civil Engineers',3.0,'Theory'),('CE',1,'PHY102','Physics Lab',2.0,'Lab'),('CE',2,'CE102','Structural Analysis I',3.0,'Theory'),('CE',2,'CE103','Surveying I',3.0,'Theory'),('CE',2,'CE104','Building Materials',3.0,'Theory'),('CE',2,'CE105','Surveying Lab',4.0,'Lab'),('CE',2,'EEE101','Basic Electrical Engineering',3.0,'Theory'),('CE',2,'MATH102','Engineering Mathematics II',3.0,'Theory'),('CE',3,'CE201','Fluid Mechanics I',4.0,'Theory'),('CE',3,'CE202','Soil Mechanics I',3.0,'Theory'),('CE',3,'CE203','Strength of Materials',3.0,'Theory'),('CE',3,'CE204','Construction Technology',3.0,'Theory'),('CE',3,'CE205','Materials Testing Lab',3.0,'Lab'),('CE',4,'CE206','Fluid Mechanics II',3.0,'Theory'),('CE',4,'CE207','Structural Analysis II',3.0,'Theory'),('CE',4,'CE208','Surveying II',3.0,'Theory'),('CE',4,'CE209','Concrete Technology',4.0,'Theory'),('CE',4,'CE210','Civil Lab II',3.0,'Lab'),('CE',5,'CE301','Design of Reinforced Concrete',4.0,'Theory'),('CE',5,'CE302','Environmental Engineering I',4.0,'Theory'),('CE',5,'CE303','Transportation Engineering I',3.0,'Theory'),('CE',5,'CE304','CAD for Civil Engineering',3.0,'Theory'),('CE',5,'CE305','CAD Lab',2.0,'Lab'),('CE',6,'CE306','Design of Steel Structures',4.0,'Theory'),('CE',6,'CE307','Environmental Engineering II',4.0,'Theory'),('CE',6,'CE308','Hydrology & Water Resources',3.0,'Theory'),('CE',6,'CE309','Surveying Lab II',3.0,'Lab'),('CE',7,'CE401','Geotechnical Engineering',3.0,'Theory'),('CE',7,'CE402','Construction Management',3.0,'Theory'),('CE',7,'CE403','Project Planning',3.0,'Theory'),('CE',7,'CE404','Industrial Training',3.0,'Lab'),('CE',7,'CE405','Elective I',3.0,'Theory'),('CE',8,'CE406','Civil Engineering Project',5.0,'Lab'),('CE',8,'CE407','Advanced Structural Design',3.0,'Theory'),('CE',8,'CE408','Elective II',3.0,'Theory'),('CE',8,'CE409','Entrepreneurship',3.0,'Theory'),('CEP',1,'CEP101','Introduction to Chemical Engineering',3.0,'Theory'),('CEP',1,'CEP102','Chemical Engineering Lab I',2.0,'Lab'),('CEP',1,'CHE101','Chemistry I',3.0,'Theory'),('CEP',1,'CHE102','Chemistry Lab I',2.0,'Lab'),('CEP',1,'ENG101','English',3.0,'Theory'),('CEP',1,'MATH101','Calculus & Linear Algebra',3.0,'Theory'),('CEP',1,'PHY101','Physics I',3.0,'Theory'),('CEP',2,'CEP201','Material Science',3.0,'Theory'),('CEP',2,'CEP202','Material Science Lab',2.0,'Lab'),('CEP',2,'CHE201','Organic Chemistry',3.0,'Theory'),('CEP',2,'CHE202','Organic Chemistry Lab',2.0,'Lab'),('CEP',2,'ENG201','Communication English',3.0,'Theory'),('CEP',2,'MATH201','Differential Equations',3.0,'Theory'),('CEP',3,'CEP301','Fluid Mechanics',3.0,'Theory'),('CEP',3,'CEP302','Fluid Mechanics Lab',2.0,'Lab'),('CEP',3,'CEP303','Thermodynamics I',3.0,'Theory'),('CEP',3,'CEP304','Polymer Science I',3.0,'Theory'),('CEP',3,'CEP305','Process Calculations',3.0,'Theory'),('CEP',4,'CEP401','Heat & Mass Transfer',3.0,'Theory'),('CEP',4,'CEP402','Heat & Mass Transfer Lab',2.0,'Lab'),('CEP',4,'CEP403','Thermodynamics II',3.0,'Theory'),('CEP',4,'CEP404','Polymer Science II',3.0,'Theory'),('CEP',4,'CEP405','Chemical Process Lab',2.0,'Lab'),('CEP',5,'CEP501','Reaction Engineering I',3.0,'Theory'),('CEP',5,'CEP502','Chemical Process Equipment',3.0,'Theory'),('CEP',5,'CEP503','Polymer Processing I',3.0,'Theory'),('CEP',5,'CEP504','Lab Techniques I',3.0,'Lab'),('CEP',5,'CEP505','Process Control I',2.0,'Theory'),('CEP',6,'CEP601','Reaction Engineering II',3.0,'Theory'),('CEP',6,'CEP602','Polymer Processing II',3.0,'Theory'),('CEP',6,'CEP603','Process Control II',3.0,'Theory'),('CEP',6,'CEP604','Lab Techniques II',3.0,'Lab'),('CEP',7,'CEP701','Process Optimization',3.0,'Theory'),('CEP',7,'CEP702','Research Project I',4.0,'Lab'),('CEP',7,'CEP703','Advanced Polymer Lab',3.0,'Lab'),('CEP',7,'CEP704','Environmental Engineering',2.0,'Theory'),('CEP',8,'CEP801','Capstone Project II',4.0,'Lab'),('CEP',8,'CEP802','Recent Trends in Chemical Engineering',3.0,'Theory'),('CEP',8,'CEP803','Seminar',2.0,'Lab'),('CEP',8,'CEP804','Industrial Safety & Ethics',3.0,'Theory'),('CHE',1,'CHE101','General Chemistry I',3.0,'Theory'),('CHE',1,'CHE102','Chemistry Lab I',2.0,'Lab'),('CHE',1,'ENG101','English',3.0,'Theory'),('CHE',1,'ENG102','English Lab',1.0,'Lab'),('CHE',1,'MATH101','Calculus I',3.0,'Theory'),('CHE',1,'PHY101','Physics I',3.0,'Theory'),('CHE',1,'PHY102','Physics Lab I',2.0,'Lab'),('CHE',2,'CHE201','Organic Chemistry I',3.0,'Theory'),('CHE',2,'CHE202','Organic Chemistry Lab I',2.0,'Lab'),('CHE',2,'ENG201','Communication English',3.0,'Theory'),('CHE',2,'MATH201','Linear Algebra',3.0,'Theory'),('CHE',2,'PHY201','Physics II',3.0,'Theory'),('CHE',2,'PHY202','Physics Lab II',2.0,'Lab'),('CHE',3,'CHE301','Physical Chemistry I',3.0,'Theory'),('CHE',3,'CHE302','Physical Chemistry Lab I',2.0,'Lab'),('CHE',3,'CHE303','Analytical Chemistry',3.0,'Theory'),('CHE',3,'CHE304','Inorganic Chemistry I',3.0,'Theory'),('CHE',3,'CHE305','Chemistry Lab II',2.0,'Lab'),('CHE',4,'CHE401','Physical Chemistry II',3.0,'Theory'),('CHE',4,'CHE402','Physical Chemistry Lab II',2.0,'Lab'),('CHE',4,'CHE403','Organic Chemistry II',3.0,'Theory'),('CHE',4,'CHE404','Inorganic Chemistry II',3.0,'Theory'),('CHE',4,'CHE405','Chemistry Lab III',2.0,'Lab'),('CHE',5,'CHE501','Industrial Chemistry',3.0,'Theory'),('CHE',5,'CHE502','Polymer Chemistry',3.0,'Theory'),('CHE',5,'CHE503','Electrochemistry',3.0,'Theory'),('CHE',5,'CHE504','Spectroscopy',3.0,'Theory'),('CHE',5,'CHE505','Chemistry Lab IV',2.0,'Lab'),('CHE',6,'CHE601','Medicinal Chemistry',3.0,'Theory'),('CHE',6,'CHE602','Environmental Chemistry',3.0,'Theory'),('CHE',6,'CHE603','Advanced Organic Lab',3.0,'Lab'),('CHE',6,'CHE604','Research Project',3.0,'Lab'),('CHE',7,'CHE701','Computational Chemistry',3.0,'Theory'),('CHE',7,'CHE702','Nanochemistry',3.0,'Theory'),('CHE',7,'CHE703','Advanced Physical Lab',3.0,'Lab'),('CHE',7,'CHE704','Capstone Project',3.0,'Lab'),('CHE',8,'CHE801','Advanced Organic Chemistry',3.0,'Theory'),('CHE',8,'CHE802','Advanced Inorganic Chemistry',3.0,'Theory'),('CHE',8,'CHE803','Final Project',4.0,'Lab'),('CHE',8,'CHE804','Seminar',2.0,'Lab'),('CSE',1,'BE11','Basic Electronics',3.0,'Theory'),('CSE',1,'BE12','Basic Electronics Lab',1.5,'Lab'),('CSE',1,'BENG11','Basic English',3.0,'Theory'),('CSE',1,'BENG12','Basic English Lab',1.5,'Lab'),('CSE',1,'BPHY12','Basic Physics Lab',2.0,'Lab'),('CSE',1,'DM11','Discrete Mathematics',3.0,'Theory'),('CSE',1,'LA11','Linear Algebra',3.0,'Theory'),('CSE',1,'SPL11','Structured Programming Language (C)',3.0,'Theory'),('CSE',1,'SPL12','Structured Programming Language Lab (C)',2.0,'Lab'),('CSE',2,'CAL21','Calculus',3.0,'Theory'),('CSE',2,'CO21','Computer Organization',3.0,'Theory'),('CSE',2,'CO22','Computer Organization Lab',1.5,'Lab'),('CSE',2,'DS21','Data Structures',3.0,'Theory'),('CSE',2,'DS22','Data Structures Lab',2.0,'Lab'),('CSE',2,'ENG21','Communication English',3.0,'Theory'),('CSE',2,'PHY21','Physics',3.0,'Theory'),('CSE',2,'PHY22','Physics Lab',2.5,'Lab'),('CSE',3,'DBMS31','Database Management Systems',3.0,'Theory'),('CSE',3,'DBMS32','DBMS Lab',2.0,'Lab'),('CSE',3,'DSA31','Design and Analysis of Algorithms',3.0,'Theory'),('CSE',3,'ELEC31','Digital Logic Design',3.0,'Theory'),('CSE',3,'ENG31','Technical English',3.0,'Theory'),('CSE',3,'OOP31','Object Oriented Programming',3.0,'Theory'),('CSE',3,'OOP32','OOP Lab',2.0,'Lab'),('CSE',3,'STAT31','Statistics',3.0,'Theory'),('CSE',4,'AI41','Artificial Intelligence',3.0,'Theory'),('CSE',4,'CN41','Computer Networks',3.0,'Theory'),('CSE',4,'CN42','Networking Lab',2.0,'Lab'),('CSE',4,'ENG41','Professional Communication',3.0,'Theory'),('CSE',4,'MATH41','Advanced Mathematics',3.0,'Theory'),('CSE',4,'OS41','Operating Systems',3.0,'Theory'),('CSE',4,'OS42','OS Lab',2.0,'Lab'),('CSE',4,'SE41','Software Engineering',3.0,'Theory'),('CSE',5,'CLOUD51','Cloud Computing',3.0,'Theory'),('CSE',5,'DBMS51','Advanced DBMS',3.0,'Theory'),('CSE',5,'DBMS52','DBMS Lab',2.0,'Lab'),('CSE',5,'ENG51','Technical Report Writing',3.0,'Theory'),('CSE',5,'ML51','Machine Learning',3.0,'Theory'),('CSE',5,'SEC51','Cyber Security',3.0,'Theory'),('CSE',5,'WEB51','Web Technologies',3.0,'Theory'),('CSE',5,'WEB52','Web Lab',2.0,'Lab'),('CSE',6,'AI61','Artificial Intelligence II',3.0,'Theory'),('CSE',6,'APP61','Mobile App Development',3.0,'Theory'),('CSE',6,'APP62','App Lab',2.0,'Lab'),('CSE',6,'DATA61','Big Data',3.0,'Theory'),('CSE',6,'ENG61','Professional Communication II',3.0,'Theory'),('CSE',6,'ML62','Machine Learning Lab',2.0,'Lab'),('CSE',6,'PROJECT61','Mini Project',3.0,'Theory'),('CSE',6,'SEC61','Advanced Security',3.0,'Theory'),('CSE',7,'CLOUD71','Cloud Computing II',3.0,'Theory'),('CSE',7,'DS71','Data Science',3.0,'Theory'),('CSE',7,'ENG71','Professional Ethics',2.0,'Theory'),('CSE',7,'IOT71','IoT',3.0,'Theory'),('CSE',7,'IOT72','IoT Lab',2.0,'Lab'),('CSE',7,'PROJECT71','Major Project I',4.0,'Lab'),('CSE',7,'WEB71','Advanced Web Tech',3.0,'Theory'),('CSE',8,'AI81','AI Applications',3.0,'Theory'),('CSE',8,'ENG81','Communication Skills',3.0,'Theory'),('CSE',8,'PROJECT81','Major Project II',5.0,'Lab'),('CSE',8,'SEC81','Advanced Security II',3.0,'Theory'),('CSE',8,'WEB81','Web Application Security',3.0,'Theory'),('EEE',1,'CHE101','Chemistry',3.0,'Theory'),('EEE',1,'CHE102','Chemistry Lab',1.5,'Lab'),('EEE',1,'EE101','Basic Electrical Engineering',3.0,'Theory'),('EEE',1,'EE102','Electrical Lab I',2.0,'Lab'),('EEE',1,'ENG101','English',3.0,'Theory'),('EEE',1,'ENG102','English Lab',1.5,'Lab'),('EEE',1,'MATH101','Mathematics I',3.0,'Theory'),('EEE',1,'PHY101','Physics',3.0,'Theory'),('EEE',1,'PHY102','Physics Lab',2.0,'Lab'),('EEE',2,'CS201','Programming in C',3.0,'Theory'),('EEE',2,'CS202','Programming Lab',2.0,'Lab'),('EEE',2,'EE201','Circuit Theory',3.0,'Theory'),('EEE',2,'EE202','Circuit Lab',2.0,'Lab'),('EEE',2,'EE203','Digital Electronics',3.0,'Theory'),('EEE',2,'EE204','Digital Electronics Lab',2.0,'Lab'),('EEE',2,'ENG201','Communication English',3.0,'Theory'),('EEE',2,'MATH201','Mathematics II',3.0,'Theory'),('EEE',2,'PHY201','Physics II',2.0,'Theory'),('EEE',3,'EE301','Electromagnetic Field Theory',3.0,'Theory'),('EEE',3,'EE302','Electronics Devices',3.0,'Theory'),('EEE',3,'EE303','Analog Circuits Lab',2.0,'Lab'),('EEE',3,'EE304','Signals & Systems',3.0,'Theory'),('EEE',3,'EE305','Control Systems',3.0,'Theory'),('EEE',3,'EE306','Power Systems Lab',3.0,'Lab'),('EEE',3,'ENG301','Technical Communication',2.0,'Theory'),('EEE',3,'MATH301','Probability & Statistics',3.0,'Theory'),('EEE',4,'EE401','Microprocessors & Microcontrollers',3.0,'Theory'),('EEE',4,'EE402','Microprocessor Lab',2.0,'Lab'),('EEE',4,'EE403','Electrical Machines I',3.0,'Theory'),('EEE',4,'EE404','Electrical Machines Lab',2.0,'Lab'),('EEE',4,'EE405','Digital Signal Processing',3.0,'Theory'),('EEE',4,'EE406','Power Electronics',3.0,'Theory'),('EEE',4,'EE407','Engineering Economics',2.0,'Theory'),('EEE',4,'EE408','Simulation Lab',2.0,'Lab'),('EEE',5,'EE501','Electrical Machines II',3.0,'Theory'),('EEE',5,'EE502','Machine Lab II',2.0,'Lab'),('EEE',5,'EE503','Control Systems II',3.0,'Theory'),('EEE',5,'EE504','Measurement & Instrumentation',3.0,'Theory'),('EEE',5,'EE505','Instrumentation Lab',2.0,'Lab'),('EEE',5,'EE506','Power System Analysis',3.0,'Theory'),('EEE',5,'EE507','Renewable Energy Systems',2.0,'Theory'),('EEE',5,'EE508','Professional Ethics',3.0,'Theory'),('EEE',6,'EE601','High Voltage Engineering',3.0,'Theory'),('EEE',6,'EE602','High Voltage Lab',2.0,'Lab'),('EEE',6,'EE603','Electrical Drives',3.0,'Theory'),('EEE',6,'EE604','Electrical Drives Lab',2.0,'Lab'),('EEE',6,'EE605','Power System Protection',3.0,'Theory'),('EEE',6,'EE606','Power Electronics II',3.0,'Theory'),('EEE',6,'EE607','Control Lab',2.0,'Lab'),('EEE',6,'EE608','Mini Project',4.0,'Lab'),('EEE',7,'EE701','Electrical Installation & Maintenance',3.0,'Theory'),('EEE',7,'EE702','Industrial Electronics',3.0,'Theory'),('EEE',7,'EE703','Power System Operation',3.0,'Theory'),('EEE',7,'EE704','Energy Management',3.0,'Theory'),('EEE',7,'EE705','Project Work',8.0,'Lab'),('EEE',8,'EE801','Advanced Power Systems',3.0,'Theory'),('EEE',8,'EE802','Electrical Design',3.0,'Theory'),('EEE',8,'EE803','Instrumentation & Control',3.0,'Theory'),('EEE',8,'EE804','Industrial Training',3.0,'Lab'),('EEE',8,'EE805','Final Project',8.0,'Lab'),('ENG',1,'ENG101','English Language I',3.0,'Theory'),('ENG',1,'ENG102','English Literature I',3.0,'Theory'),('ENG',1,'ENG103','Communication Skills I',3.0,'Theory'),('ENG',1,'ENG104','English Lab I',3.0,'Lab'),('ENG',1,'ENG105','Grammar I',3.0,'Theory'),('ENG',2,'ENG201','English Language II',3.0,'Theory'),('ENG',2,'ENG202','English Literature II',3.0,'Theory'),('ENG',2,'ENG203','Communication Skills II',3.0,'Theory'),('ENG',2,'ENG204','English Lab II',3.0,'Lab'),('ENG',2,'ENG205','Grammar II',3.0,'Theory'),('ENG',3,'ENG301','British Literature',3.0,'Theory'),('ENG',3,'ENG302','American Literature',3.0,'Theory'),('ENG',3,'ENG303','Creative Writing',3.0,'Theory'),('ENG',3,'ENG304','Literature Lab',3.0,'Lab'),('ENG',4,'ENG401','Linguistics',3.0,'Theory'),('ENG',4,'ENG402','Modern Poetry',3.0,'Theory'),('ENG',4,'ENG403','Drama Studies',3.0,'Theory'),('ENG',4,'ENG404','Lab II',3.0,'Lab'),('ENG',5,'ENG501','Research Methods',3.0,'Theory'),('ENG',5,'ENG502','Advanced Grammar',3.0,'Theory'),('ENG',5,'ENG503','Elective I',3.0,'Theory'),('ENG',5,'ENG504','Elective II',3.0,'Theory'),('ENG',6,'ENG601','Shakespearean Studies',3.0,'Theory'),('ENG',6,'ENG602','Linguistics II',3.0,'Theory'),('ENG',6,'ENG603','Elective III',3.0,'Theory'),('ENG',6,'ENG604','Lab III',3.0,'Lab'),('ENG',7,'ENG701','World Literature',3.0,'Theory'),('ENG',7,'ENG702','Project Work I',3.0,'Lab'),('ENG',7,'ENG703','Elective IV',3.0,'Theory'),('ENG',7,'ENG704','Seminar I',3.0,'Theory'),('ENG',8,'ENG801','Project Work II',5.0,'Lab'),('ENG',8,'ENG802','Elective V',3.0,'Theory'),('ENG',8,'ENG803','Seminar II',3.0,'Theory'),('FET',1,'BIO101','General Biology',3.0,'Theory'),('FET',1,'BIO102','Biology Lab',2.0,'Lab'),('FET',1,'CHE101','General Chemistry',3.0,'Theory'),('FET',1,'CHE102','Chemistry Lab',2.0,'Lab'),('FET',1,'FET101','Introduction to Food Engineering',3.0,'Theory'),('FET',1,'FET102','Basic Food Lab',1.0,'Lab'),('FET',1,'MATH101','Engineering Mathematics I',3.0,'Theory'),('FET',1,'PHY101','Physics for Engineers',3.0,'Theory'),('FET',2,'CHE103','Organic Chemistry',3.0,'Theory'),('FET',2,'FET201','Food Chemistry I',3.0,'Theory'),('FET',2,'FET202','Food Microbiology I',3.0,'Theory'),('FET',2,'FET203','Unit Operations in Food Eng.',3.0,'Theory'),('FET',2,'FET204','Food Lab II',2.0,'Lab'),('FET',2,'MATH102','Engineering Mathematics II',3.0,'Theory'),('FET',3,'FET301','Food Chemistry II',3.0,'Theory'),('FET',3,'FET302','Food Microbiology II',3.0,'Theory'),('FET',3,'FET303','Thermodynamics in Food Process',3.0,'Theory'),('FET',3,'FET304','Mass & Heat Transfer',3.0,'Theory'),('FET',3,'FET305','Food Processing Lab',3.0,'Lab'),('FET',4,'FET306','Food Engineering Equipments',3.0,'Theory'),('FET',4,'FET307','Quality Assurance',3.0,'Theory'),('FET',4,'FET308','Unit Operations II',3.0,'Theory'),('FET',4,'FET309','Instrumentation Lab',3.0,'Lab'),('FET',4,'FET310','Process Control',2.0,'Theory'),('FET',5,'FET401','Food Packaging',4.0,'Theory'),('FET',5,'FET402','Food Biotechnology',4.0,'Theory'),('FET',5,'FET403','Quality Control Lab',2.0,'Lab'),('FET',5,'FET404','Process Design',3.0,'Theory'),('FET',5,'FET405','Elective I',3.0,'Theory'),('FET',6,'FET406','Advanced Food Processing',4.0,'Theory'),('FET',6,'FET407','Industrial Microbiology',4.0,'Theory'),('FET',6,'FET408','Food Product Development',3.0,'Theory'),('FET',6,'FET409','Food Lab VI',2.0,'Lab'),('FET',7,'FET501','Entrepreneurship in Food Industry',3.0,'Theory'),('FET',7,'FET502','Project Management',3.0,'Theory'),('FET',7,'FET503','Elective I',3.0,'Theory'),('FET',7,'FET504','Industrial Training',3.0,'Lab'),('FET',8,'FET505','Final Project',5.0,'Lab'),('FET',8,'FET506','Elective II',3.0,'Theory'),('FET',8,'FET507','Advanced Quality Assurance',3.0,'Theory'),('FET',8,'FET508','Food Safety & Regulations',3.0,'Theory'),('GE',1,'BIO101','Cell Biology',3.0,'Theory'),('GE',1,'CHE101','Chemistry I',3.0,'Theory'),('GE',1,'CHE102','Chemistry Lab I',2.0,'Lab'),('GE',1,'ENG101','English',3.0,'Theory'),('GE',1,'ENG102','English Lab',1.0,'Lab'),('GE',1,'GE101','Introduction to Genetics',3.0,'Theory'),('GE',1,'GE102','Genetics Lab I',2.0,'Lab'),('GE',2,'BIO201','Biochemistry I',3.0,'Theory'),('GE',2,'BIO202','Biochemistry Lab I',2.0,'Lab'),('GE',2,'ENG201','Communication English',3.0,'Theory'),('GE',2,'GE201','Molecular Biology I',3.0,'Theory'),('GE',2,'GE202','Molecular Biology Lab I',2.0,'Lab'),('GE',2,'MATH201','Linear Algebra',3.0,'Theory'),('GE',3,'BIO301','Advanced Biochemistry',3.0,'Theory'),('GE',3,'GE301','Genomics',3.0,'Theory'),('GE',3,'GE302','Proteomics Lab',2.0,'Lab'),('GE',3,'GE303','Cell Culture Techniques',3.0,'Lab'),('GE',3,'GE304','Bioinformatics I',3.0,'Theory'),('GE',4,'GE401','Molecular Biology II',3.0,'Theory'),('GE',4,'GE402','Molecular Biology Lab II',2.0,'Lab'),('GE',4,'GE403','Genetic Engineering Techniques',3.0,'Theory'),('GE',4,'GE404','Bioinformatics II',3.0,'Theory'),('GE',4,'GE405','Lab Techniques II',2.0,'Lab'),('GE',5,'GE501','Recombinant DNA Technology',3.0,'Theory'),('GE',5,'GE502','Immunology',3.0,'Theory'),('GE',5,'GE503','Molecular Diagnostics',3.0,'Theory'),('GE',5,'GE504','Lab Research I',3.0,'Lab'),('GE',5,'GE505','Biostatistics',2.0,'Theory'),('GE',6,'GE601','Plant Genetic Engineering',3.0,'Theory'),('GE',6,'GE602','Animal Genetic Engineering',3.0,'Theory'),('GE',6,'GE603','Lab Research II',3.0,'Lab'),('GE',6,'GE604','Advanced Bioinformatics',3.0,'Lab'),('GE',7,'GE701','Clinical Genetics',3.0,'Theory'),('GE',7,'GE702','Research Project I',4.0,'Lab'),('GE',7,'GE703','Advanced Molecular Lab',3.0,'Lab'),('GE',7,'GE704','Ethics in Genetics',2.0,'Theory'),('GE',8,'GE801','Capstone Project II',4.0,'Lab'),('GE',8,'GE802','Advanced Techniques in Genetics',3.0,'Theory'),('GE',8,'GE803','Seminar',2.0,'Lab'),('GE',8,'GE804','Recent Trends in Genetic Engineering',3.0,'Theory'),('GEO',1,'ENG101','English',3.0,'Theory'),('GEO',1,'ENG102','English Lab',1.0,'Lab'),('GEO',1,'GEO101','Physical Geology',3.0,'Theory'),('GEO',1,'GEO102','Geology Lab I',2.0,'Lab'),('GEO',1,'MATH101','Calculus I',3.0,'Theory'),('GEO',1,'PHY101','Physics I',3.0,'Theory'),('GEO',1,'PHY102','Physics Lab I',2.0,'Lab'),('GEO',2,'CHE101','Chemistry I',3.0,'Theory'),('GEO',2,'CHE102','Chemistry Lab I',2.0,'Lab'),('GEO',2,'ENG201','Communication English',3.0,'Theory'),('GEO',2,'GEO201','Mineralogy',3.0,'Theory'),('GEO',2,'GEO202','Mineralogy Lab',2.0,'Lab'),('GEO',2,'MATH201','Linear Algebra',3.0,'Theory'),('GEO',3,'GEO301','Petrology',3.0,'Theory'),('GEO',3,'GEO302','Petrology Lab',2.0,'Lab'),('GEO',3,'GEO303','Structural Geology',3.0,'Theory'),('GEO',3,'GEO304','Geomorphology',3.0,'Theory'),('GEO',3,'GEO305','Field Work I',2.0,'Lab'),('GEO',4,'GEO401','Sedimentology',3.0,'Theory'),('GEO',4,'GEO402','Sedimentology Lab',2.0,'Lab'),('GEO',4,'GEO403','Paleontology',3.0,'Theory'),('GEO',4,'GEO404','Geochemistry',3.0,'Theory'),('GEO',4,'GEO405','Field Work II',2.0,'Lab'),('GEO',5,'GEO501','Environmental Geology',3.0,'Theory'),('GEO',5,'GEO502','Geophysics I',3.0,'Theory'),('GEO',5,'GEO503','Remote Sensing I',3.0,'Theory'),('GEO',5,'GEO504','Field Survey',3.0,'Lab'),('GEO',5,'GEO505','Mineral Exploration Lab',2.0,'Lab'),('GEO',6,'GEO601','Geophysics II',3.0,'Theory'),('GEO',6,'GEO602','Remote Sensing II',3.0,'Theory'),('GEO',6,'GEO603','Hydrogeology',3.0,'Theory'),('GEO',6,'GEO604','Field Work III',3.0,'Lab'),('GEO',7,'GEO701','Engineering Geology',3.0,'Theory'),('GEO',7,'GEO702','Environmental Field Lab',3.0,'Lab'),('GEO',7,'GEO703','Capstone Project I',4.0,'Lab'),('GEO',7,'GEO704','Advanced Geochemistry',3.0,'Theory'),('GEO',8,'GEO801','Capstone Project II',4.0,'Lab'),('GEO',8,'GEO802','Advanced Structural Geology',3.0,'Theory'),('GEO',8,'GEO803','Seminar',2.0,'Lab'),('GEO',8,'GEO804','Research Methodology',3.0,'Theory'),('MATH',1,'CHE101','Chemistry I',3.0,'Theory'),('MATH',1,'CHE102','Chemistry Lab I',2.0,'Lab'),('MATH',1,'ENG101','English',3.0,'Theory'),('MATH',1,'ENG102','English Lab',1.5,'Lab'),('MATH',1,'MATH101','Calculus I',3.0,'Theory'),('MATH',1,'MATH102','Linear Algebra I',3.0,'Theory'),('MATH',1,'PHY101','Physics I',3.0,'Theory'),('MATH',1,'PHY102','Physics Lab I',2.0,'Lab'),('MATH',2,'ENG201','Communication English',3.0,'Theory'),('MATH',2,'MATH201','Calculus II',3.0,'Theory'),('MATH',2,'MATH202','Differential Equations',3.0,'Theory'),('MATH',2,'MATH203','Probability & Statistics',3.0,'Theory'),('MATH',2,'PHY201','Physics II',3.0,'Theory'),('MATH',2,'PHY202','Physics Lab II',2.0,'Lab'),('MATH',3,'CS301','Programming Basics',3.0,'Theory'),('MATH',3,'CS302','Programming Lab',2.0,'Lab'),('MATH',3,'MATH301','Abstract Algebra I',3.0,'Theory'),('MATH',3,'MATH302','Real Analysis I',3.0,'Theory'),('MATH',3,'MATH303','Numerical Methods',3.0,'Theory'),('MATH',4,'CS401','Data Structures',3.0,'Theory'),('MATH',4,'CS402','Data Structures Lab',2.0,'Lab'),('MATH',4,'MATH401','Abstract Algebra II',3.0,'Theory'),('MATH',4,'MATH402','Real Analysis II',3.0,'Theory'),('MATH',4,'MATH403','Complex Analysis',3.0,'Theory'),('MATH',5,'MATH501','Topology',3.0,'Theory'),('MATH',5,'MATH502','Differential Geometry',3.0,'Theory'),('MATH',5,'MATH503','Operations Research',3.0,'Theory'),('MATH',5,'MATH504','Mathematical Modelling',3.0,'Theory'),('MATH',5,'MATH505','Programming for Mathematicians',2.0,'Lab'),('MATH',6,'MATH601','Functional Analysis',3.0,'Theory'),('MATH',6,'MATH602','Numerical Linear Algebra',3.0,'Theory'),('MATH',6,'MATH603','Mathematical Statistics',3.0,'Theory'),('MATH',6,'MATH604','Scientific Computing Lab',3.0,'Lab'),('MATH',7,'MATH701','Partial Differential Equations',3.0,'Theory'),('MATH',7,'MATH702','Advanced Algebra',3.0,'Theory'),('MATH',7,'MATH703','Mathematical Software Lab',3.0,'Lab'),('MATH',7,'MATH704','Capstone Project',4.0,'Lab'),('MATH',8,'MATH801','Topology II',3.0,'Theory'),('MATH',8,'MATH802','Advanced Analysis',3.0,'Theory'),('MATH',8,'MATH803','Research Project',4.0,'Lab'),('MATH',8,'MATH804','Seminar',2.0,'Lab'),('ME',1,'CENG101','Computer Programming (C)',3.0,'Theory'),('ME',1,'CENG102','Programming Lab',1.0,'Lab'),('ME',1,'CHE101','Chemistry for Engineers',3.0,'Theory'),('ME',1,'CHE102','Chemistry Lab',2.0,'Lab'),('ME',1,'MATH101','Engineering Mathematics I',3.0,'Theory'),('ME',1,'ME101','Engineering Mechanics',3.0,'Theory'),('ME',1,'PHY101','Physics for Mechanical Engineers',3.0,'Theory'),('ME',1,'PHY102','Physics Lab',2.0,'Lab'),('ME',2,'EEE101','Basic Electrical Engineering',3.0,'Theory'),('ME',2,'MATH102','Engineering Mathematics II',3.0,'Theory'),('ME',2,'ME102','Thermodynamics I',3.0,'Theory'),('ME',2,'ME103','Materials Science',3.0,'Theory'),('ME',2,'ME104','Mechanical Drawing',3.0,'Theory'),('ME',2,'ME105','Mechanical Workshop Lab',4.0,'Lab'),('ME',3,'ME201','Fluid Mechanics I',4.0,'Theory'),('ME',3,'ME202','Thermodynamics II',3.0,'Theory'),('ME',3,'ME203','Strength of Materials',3.0,'Theory'),('ME',3,'ME204','Manufacturing Processes I',3.0,'Theory'),('ME',3,'ME205','Material Testing Lab',3.0,'Lab'),('ME',4,'ME206','Fluid Mechanics II',3.0,'Theory'),('ME',4,'ME207','Dynamics of Machines',3.0,'Theory'),('ME',4,'ME208','Heat Transfer',3.0,'Theory'),('ME',4,'ME209','Manufacturing Processes II',3.0,'Theory'),('ME',4,'ME210','Mechanical Lab II',4.0,'Lab'),('ME',5,'ME301','Design of Machine Elements I',4.0,'Theory'),('ME',5,'ME302','Thermal Engineering I',4.0,'Theory'),('ME',5,'ME303','Instrumentation & Measurements',3.0,'Theory'),('ME',5,'ME304','CAD/CAM',3.0,'Theory'),('ME',5,'ME305','CAD/CAM Lab',2.0,'Lab'),('ME',6,'ME306','Design of Machine Elements II',4.0,'Theory'),('ME',6,'ME307','Thermal Engineering II',4.0,'Theory'),('ME',6,'ME308','Control Engineering',3.0,'Theory'),('ME',6,'ME309','Mechatronics Lab',3.0,'Lab'),('ME',7,'ME401','Refrigeration & Air Conditioning',3.0,'Theory'),('ME',7,'ME402','Finite Element Analysis',3.0,'Theory'),('ME',7,'ME403','Project Management',3.0,'Theory'),('ME',7,'ME404','Industrial Training',3.0,'Lab'),('ME',7,'ME405','Elective I',3.0,'Theory'),('ME',8,'ME406','Mechanical Design Project',5.0,'Lab'),('ME',8,'ME407','Maintenance Engineering',3.0,'Theory'),('ME',8,'ME408','Elective II',3.0,'Theory'),('ME',8,'ME409','Entrepreneurship',3.0,'Theory'),('PAD',1,'ECO101','Economics Fundamentals',3.0,'Theory'),('PAD',1,'PAD101','Introduction to Public Administration',3.0,'Theory'),('PAD',1,'PAD102','Political Science Basics',3.0,'Theory'),('PAD',1,'PAD103','Governance Lab I',2.0,'Lab'),('PAD',1,'SOC101','Sociology Basics',3.0,'Theory'),('PAD',2,'ECO201','Development Economics',3.0,'Theory'),('PAD',2,'PAD201','Organizational Theory',3.0,'Theory'),('PAD',2,'PAD202','Public Policy I',3.0,'Theory'),('PAD',2,'PAD203','Lab II',2.0,'Lab'),('PAD',2,'SOC201','Sociological Methods',3.0,'Theory'),('PAD',3,'PAD301','Public Policy II',3.0,'Theory'),('PAD',3,'PAD302','Human Resource Management',3.0,'Theory'),('PAD',3,'PAD303','Project Planning',3.0,'Theory'),('PAD',3,'PAD304','Lab III',3.0,'Lab'),('PAD',4,'PAD401','Administrative Law',3.0,'Theory'),('PAD',4,'PAD402','Ethics in Public Service',3.0,'Theory'),('PAD',4,'PAD403','Field Work I',3.0,'Lab'),('PAD',4,'PAD404','Elective I',3.0,'Theory'),('PAD',5,'PAD501','Urban Governance',3.0,'Theory'),('PAD',5,'PAD502','Rural Administration',3.0,'Theory'),('PAD',5,'PAD503','Elective II',3.0,'Theory'),('PAD',5,'PAD504','Research Methodology',3.0,'Theory'),('PAD',6,'PAD601','Public Finance',3.0,'Theory'),('PAD',6,'PAD602','Project Work I',3.0,'Lab'),('PAD',6,'PAD603','Elective III',3.0,'Theory'),('PAD',6,'PAD604','Lab IV',3.0,'Lab'),('PAD',7,'PAD701','Project Work II',5.0,'Lab'),('PAD',7,'PAD702','Elective IV',3.0,'Theory'),('PAD',7,'PAD703','Seminar I',3.0,'Theory'),('PAD',8,'PAD801','Project Work III',5.0,'Lab'),('PAD',8,'PAD802','Elective V',3.0,'Theory'),('PAD',8,'PAD803','Seminar II',3.0,'Theory'),('PHY',1,'CHE101','Chemistry I',3.0,'Theory'),('PHY',1,'CHE102','Chemistry Lab I',2.0,'Lab'),('PHY',1,'ENG101','English',3.0,'Theory'),('PHY',1,'ENG102','English Lab',1.5,'Lab'),('PHY',1,'MATH101','Calculus I',3.0,'Theory'),('PHY',1,'PHY101','Mechanics I',3.0,'Theory'),('PHY',1,'PHY102','Mechanics Lab I',2.0,'Lab'),('PHY',2,'CHE201','Chemistry II',3.0,'Theory'),('PHY',2,'ENG201','Communication English',3.0,'Theory'),('PHY',2,'MATH201','Linear Algebra',3.0,'Theory'),('PHY',2,'PHY201','Electromagnetism I',3.0,'Theory'),('PHY',2,'PHY202','Electromagnetism Lab I',2.0,'Lab'),('PHY',3,'PHY301','Thermodynamics',3.0,'Theory'),('PHY',3,'PHY302','Thermodynamics Lab',2.0,'Lab'),('PHY',3,'PHY303','Optics',3.0,'Theory'),('PHY',3,'PHY304','Electronics I',3.0,'Theory'),('PHY',3,'PHY305','Electronics Lab',2.0,'Lab'),('PHY',4,'PHY401','Quantum Mechanics I',3.0,'Theory'),('PHY',4,'PHY402','Quantum Mechanics Lab',2.0,'Lab'),('PHY',4,'PHY403','Modern Physics',3.0,'Theory'),('PHY',4,'PHY404','Electronics II',3.0,'Theory'),('PHY',4,'PHY405','Electronics Lab II',2.0,'Lab'),('PHY',5,'PHY501','Quantum Mechanics II',3.0,'Theory'),('PHY',5,'PHY502','Nuclear Physics',3.0,'Theory'),('PHY',5,'PHY503','Statistical Mechanics',3.0,'Theory'),('PHY',5,'PHY504','Computational Physics',3.0,'Theory'),('PHY',5,'PHY505','Physics Lab III',3.0,'Lab'),('PHY',6,'PHY601','Solid State Physics',3.0,'Theory'),('PHY',6,'PHY602','Plasma Physics',3.0,'Theory'),('PHY',6,'PHY603','Advanced Electronics Lab',3.0,'Lab'),('PHY',6,'PHY604','Research Project',3.0,'Lab'),('PHY',7,'PHY701','Particle Physics',3.0,'Theory'),('PHY',7,'PHY702','Atomic & Molecular Physics',3.0,'Theory'),('PHY',7,'PHY703','Capstone Project',4.0,'Lab'),('PHY',7,'PHY704','Advanced Lab',3.0,'Lab'),('PHY',8,'PHY801','Condensed Matter Physics',3.0,'Theory'),('PHY',8,'PHY802','Nuclear & Particle Lab',3.0,'Lab'),('PHY',8,'PHY803','Final Project',4.0,'Lab'),('PHY',8,'PHY804','Seminar',2.0,'Lab'),('SOC',1,'ECO101','Economics Fundamentals',3.0,'Theory'),('SOC',1,'ENG101','English Communication',3.0,'Theory'),('SOC',1,'SOC101','Introduction to Sociology',3.0,'Theory'),('SOC',1,'SOC102','Social Anthropology',3.0,'Theory'),('SOC',1,'SOC103','Sociology Lab I',2.0,'Lab'),('SOC',2,'SOC201','Sociological Theories',3.0,'Theory'),('SOC',2,'SOC202','Research Methodology',3.0,'Theory'),('SOC',2,'SOC203','Lab II',2.0,'Lab'),('SOC',2,'SOC204','Social Problems',3.0,'Theory'),('SOC',2,'SOC205','Development Studies',3.0,'Theory'),('SOC',3,'SOC301','Urban Sociology',3.0,'Theory'),('SOC',3,'SOC302','Rural Sociology',3.0,'Theory'),('SOC',3,'SOC303','Elective I',3.0,'Theory'),('SOC',3,'SOC304','Lab III',3.0,'Lab'),('SOC',4,'SOC401','Political Sociology',3.0,'Theory'),('SOC',4,'SOC402','Sociology of Religion',3.0,'Theory'),('SOC',4,'SOC403','Field Work I',3.0,'Lab'),('SOC',4,'SOC404','Elective II',3.0,'Theory'),('SOC',5,'SOC501','Industrial Sociology',3.0,'Theory'),('SOC',5,'SOC502','Social Research',3.0,'Theory'),('SOC',5,'SOC503','Elective III',3.0,'Theory'),('SOC',5,'SOC504','Project Work I',3.0,'Lab'),('SOC',6,'SOC601','Population Studies',3.0,'Theory'),('SOC',6,'SOC602','Social Policy',3.0,'Theory'),('SOC',6,'SOC603','Elective IV',3.0,'Theory'),('SOC',6,'SOC604','Lab IV',3.0,'Lab'),('SOC',7,'SOC701','Project Work II',5.0,'Lab'),('SOC',7,'SOC702','Elective V',3.0,'Theory'),('SOC',7,'SOC703','Seminar I',3.0,'Theory'),('SOC',8,'SOC801','Project Work III',5.0,'Lab'),('SOC',8,'SOC802','Elective VI',3.0,'Theory'),('SOC',8,'SOC803','Seminar II',3.0,'Theory'),('SWE',1,'CHE101','Chemistry',3.0,'Theory'),('SWE',1,'CHE102','Chemistry Lab',1.5,'Lab'),('SWE',1,'ENG101','English',3.0,'Theory'),('SWE',1,'ENG102','English Lab',1.5,'Lab'),('SWE',1,'MATH101','Mathematics I',3.0,'Theory'),('SWE',1,'PHY101','Physics',3.0,'Theory'),('SWE',1,'PHY102','Physics Lab',2.0,'Lab'),('SWE',1,'SWE101','Introduction to Computing',3.0,'Theory'),('SWE',1,'SWE102','Computing Lab I',2.0,'Lab'),('SWE',2,'CS201','Programming in C',3.0,'Theory'),('SWE',2,'CS202','C Programming Lab',2.0,'Lab'),('SWE',2,'ENG201','Communication English',3.0,'Theory'),('SWE',2,'MATH201','Discrete Mathematics',3.0,'Theory'),('SWE',2,'SWE201','Data Structures',3.0,'Theory'),('SWE',2,'SWE202','Data Structures Lab',2.0,'Lab'),('SWE',2,'SWE203','Object Oriented Programming (C++)',3.0,'Theory'),('SWE',2,'SWE204','OOP Lab',2.0,'Lab'),('SWE',3,'MATH301','Probability & Statistics',3.0,'Theory'),('SWE',3,'SWE301','Database Systems',3.0,'Theory'),('SWE',3,'SWE302','DBMS Lab',2.0,'Lab'),('SWE',3,'SWE303','Computer Architecture',3.0,'Theory'),('SWE',3,'SWE304','Software Engineering Principles',3.0,'Theory'),('SWE',3,'SWE305','Web Programming',3.0,'Theory'),('SWE',3,'SWE306','Web Programming Lab',2.0,'Lab'),('SWE',4,'SWE401','Operating Systems',3.0,'Theory'),('SWE',4,'SWE402','OS Lab',2.0,'Lab'),('SWE',4,'SWE403','Software Project Management',3.0,'Theory'),('SWE',4,'SWE404','Computer Networks',3.0,'Theory'),('SWE',4,'SWE405','Networking Lab',2.0,'Lab'),('SWE',4,'SWE406','Human-Computer Interaction',2.0,'Theory'),('SWE',4,'SWE407','Simulation Lab',2.0,'Lab'),('SWE',5,'SWE501','Programming Paradigms',3.0,'Theory'),('SWE',5,'SWE502','Advanced Database',3.0,'Theory'),('SWE',5,'SWE503','Database Lab',2.0,'Lab'),('SWE',5,'SWE504','Software Testing',3.0,'Theory'),('SWE',5,'SWE505','Mobile App Development',3.0,'Theory'),('SWE',5,'SWE506','Mobile App Lab',2.0,'Lab'),('SWE',5,'SWE507','Artificial Intelligence',3.0,'Theory'),('SWE',6,'SWE601','Machine Learning',3.0,'Theory'),('SWE',6,'SWE602','ML Lab',2.0,'Lab'),('SWE',6,'SWE603','Cloud Computing',3.0,'Theory'),('SWE',6,'SWE604','Cloud Lab',2.0,'Lab'),('SWE',6,'SWE605','Cybersecurity',3.0,'Theory'),('SWE',6,'SWE606','Mini Project',4.0,'Lab'),('SWE',7,'SWE701','Software Architecture',3.0,'Theory'),('SWE',7,'SWE702','Software Quality Assurance',3.0,'Theory'),('SWE',7,'SWE703','Advanced Programming Lab',3.0,'Lab'),('SWE',7,'SWE704','Capstone Project',8.0,'Lab'),('SWE',8,'SWE801','Big Data Analytics',3.0,'Theory'),('SWE',8,'SWE802','Cloud Integration',3.0,'Theory'),('SWE',8,'SWE803','Final Project',8.0,'Lab'),('SWE',8,'SWE804','Internship',3.0,'Lab');
/*!40101 SET @saved_cs_client     = @@character_set_client */;
/*!50503 SET character_set_client = utf8mb4 */;
CREATE TABLE `department_credit` (
  `dept` varchar(10) NOT NULL,
  `total_credit` int DEFAULT NULL,
  `sem1_credit` decimal(4,1) DEFAULT NULL,
  `sem2_credit` decimal(4,1) DEFAULT NULL,
  `sem3_credit` decimal(4,1) DEFAULT NULL,
  `sem4_credit` decimal(4,1) DEFAULT NULL,
  `sem5_credit` decimal(4,1) DEFAULT NULL,
  `sem6_credit` decimal(4,1) DEFAULT NULL,
  `sem7_credit` decimal(4,1) DEFAULT NULL,
  `sem8_credit` decimal(4,1) DEFAULT NULL,
  PRIMARY KEY (`dept`)
) ENGINE=InnoDB DEFAULT CHARSET=utf8mb4 COLLATE=utf8mb4_0900_ai_ci;
/*!40101 SET character_set_client = @saved_cs_client */;
INSERT INTO `department_credit` VALUES ('ANP',160,20.0,20.0,20.0,20.0,20.0,20.0,20.0,20.0),('BAN',160,20.0,20.0,20.0,20.0,20.0,20.0,20.0,20.0),('BMB',164,21.0,21.0,21.0,21.0,20.0,20.0,20.0,20.0),('CE',168,21.0,22.0,21.0,22.0,21.0,21.0,20.0,20.0),('CEP',166,21.0,21.0,21.0,21.0,22.0,20.0,20.0,20.0),('CHE',162,20.0,21.0,21.0,20.0,20.0,20.0,20.0,20.0),('CSE',170,22.0,24.0,21.0,22.0,22.0,23.0,18.0,18.0),('EEE',172,22.0,23.0,22.0,22.0,21.0,22.0,20.0,20.0),('ENG',162,21.0,21.0,20.0,20.0,20.0,20.0,20.0,20.0),('FET',160,20.0,20.0,20.0,20.0,20.0,20.0,20.0,20.0),('GE',160,20.0,20.0,20.0,20.0,20.0,20.0,20.0,20.0),('GEO',160,20.0,20.0,20.0,20.0,20.0,20.0,20.0,20.0),('MATH',160,20.0,20.0,20.0,20.0,20.0,20.0,20.0,20.0),('ME',170,22.0,22.0,22.0,22.0,22.0,20.0,20.0,20.0),('PAD',160,20.0,20.0,20.0,20.0,20.0,20.0,20.0,20.0),('PHY',165,21.0,21.0,21.0,21.0,21.0,20.0,20.0,20.0),('SOC',160,20.0,20.0,20.0,20.0,20.0,20.0,20.0,20.0),('SWE',168,21.0,22.0,22.0,22.0,21.0,20.0,20.0,20.0);
/*!40101 SET @saved_cs_client     = @@character_set_client */;
/*!50503 SET character_set_client = utf8mb4 */;
CREATE TABLE `fee` (
  `course` varchar(20) DEFAULT NULL,
  `semester1` varchar(20) DEFAULT NULL,
  `semester2` varchar(20) DEFAULT NULL,
  `semester3` varchar(20) DEFAULT NULL,
  `semester4` varchar(20) DEFAULT NULL,
  `semester5` varchar(20) DEFAULT NULL,
  `semester6` varchar(20) DEFAULT NULL,
  `semester7` varchar(20) DEFAULT NULL,
  `semester8` varchar(20) DEFAULT NULL
) ENGINE=InnoDB DEFAULT CHARSET=utf8mb4 COLLATE=utf8mb4_0900_ai_ci;
/*!40101 SET character_set_client = @saved_cs_client */;
INSERT INTO `fee` VALUES ('BTech','48000','43000','43000','43000','43000','48000','43000','43000'),('Bsc','40000','35000','35000','35000','35000','35000','',''),('BCA','35000','34000','34000','34000','34000','34000','',''),('MTech','65000','60000','60000','60000','','','',''),('MSc','47500','45000','45000','45000','','','',''),('MCA','43000','42000','42000','49000','','','',''),('Bcom','22000','20000','20000','20000','20000','20000','',''),('Mcom','36000','30000','30000','30000','','','','');
/*!40101 SET @saved_cs_client     = @@character_set_client */;
/*!50503 SET character_set_client = utf8mb4 */;
CREATE TABLE `forget_pass` (
  `email` varchar(100) DEFAULT NULL
) ENGINE=InnoDB DEFAULT CHARSET=utf8mb4 COLLATE=utf8mb4_0900_ai_ci;
/*!40101 SET character_set_client = @saved_cs_client */;
INSERT INTO `forget_pass` VALUES ('project250t@gmail.com'),('project250t@gmail.com');
/*!40101 SET @saved_cs_client     = @@character_set_client */;
/*!50503 SET character_set_client = utf8mb4 */;
CREATE TABLE `login` (
  `username` varchar(25) DEFAULT NULL,
  `password` varchar(25) DEFAULT NULL
) ENGINE=InnoDB DEFAULT CHARSET=utf8mb4 COLLATE=utf8mb4_0900_ai_ci;
/*!40101 SET character_set_client = @saved_cs_client */;
INSERT INTO `login` VALUES ('tayef','0101');
/*!40101 SET @saved_cs_client     = @@character_set_client */;
/*!50503 SET character_set_client = utf8mb4 */;
CREATE TABLE `student` (
  `name` varchar(40) DEFAULT NULL,
  `fname` varchar(40) DEFAULT NULL,
  `registration_no` varchar(20) NOT NULL,
  `dob` varchar(40) DEFAULT NULL,
  `address` varchar(100) DEFAULT NULL,
  `phone` varchar(20) DEFAULT NULL,
  `email` varchar(40) DEFAULT NULL,
  `class_x` varchar(20) DEFAULT NULL,
  `class_xii` varchar(20) DEFAULT NULL,
  `NID` varchar(20) DEFAULT NULL,
  `course` varchar(40) DEFAULT NULL,
  `branch` varchar(40) DEFAULT NULL,
  PRIMARY KEY (`registration_no`)
) ENGINE=InnoDB DEFAULT CHARSET=utf8mb4 COLLATE=utf8mb4_0900_ai_ci;
/*!40101 SET character_set_client = @saved_cs_client */;
INSERT INTO `student` VALUES ('zczqsaSSASA','','-331-001','','','SA','','','','','B.Tech','CSE'),('A','B','2022-331-001','Sep 5, 2025','C','1','D','2020','2022','3','Bsc','CSE'),('T','','2022-331-002','','','','','','2022','','B.Tech','CSE'),('shimul','aaa','2022-331-003','Sep 3, 2025','sds','00000','saSA','2020','2022','33232','B.Tech','CSE'),('AAAA','','2022-333-001','','','','','','2022','','B.Tech','SWE'),('weqweqw','eqwew','2222-334-001','Sep 4, 2025','','eqwa','qeqeqweqw','1111eqweqw','2222','','B.Tech','MATH');
/*!40101 SET @saved_cs_client     = @@character_set_client */;
/*!50503 SET character_set_client = utf8mb4 */;
CREATE TABLE `student_marks` (
  `id` int NOT NULL AUTO_INCREMENT,
  `registration_no` varchar(20) DEFAULT NULL,
  `semester` int DEFAULT NULL,
  `course_code` varchar(10) DEFAULT NULL,
  `credit` decimal(4,1) DEFAULT NULL,
  `grade_point` decimal(3,2) DEFAULT NULL,
  `obtained_credit` decimal(4,1) GENERATED ALWAYS AS ((case when (`grade_point` > 0) then `credit` else 0 end)) STORED,
  `status` varchar(10) GENERATED ALWAYS AS ((case when (`grade_point` > 0) then _utf8mb4'Passed' else _utf8mb4'Failed' end)) STORED,
  PRIMARY KEY (`id`),
  UNIQUE KEY `unique_marks` (`registration_no`,`semester`,`course_code`),
  CONSTRAINT `student_marks_ibfk_1` FOREIGN KEY (`registration_no`) REFERENCES `student` (`registration_no`)
) ENGINE=InnoDB AUTO_INCREMENT=145 DEFAULT CHARSET=utf8mb4 COLLATE=utf8mb4_0900_ai_ci;
/*!40101 SET character_set_client = @saved_cs_client */;
INSERT INTO `student_marks` (`id`, `registration_no`, `semester`, `course_code`, `credit`, `grade_point`) VALUES (1,'2022-331-002',1,'BE11',3.0,3.50),(2,'2022-331-002',1,'BE12',1.5,4.00),(3,'2022-331-002',1,'BENG11',3.0,3.25),(4,'2022-331-002',1,'BENG12',1.5,3.75),(5,'2022-331-002',1,'BPHY12',2.0,2.75),(6,'2022-331-002',1,'DM11',3.0,3.00),(7,'2022-331-002',1,'LA11',3.0,3.50),(8,'2022-331-002',1,'SPL11',3.0,2.50),(9,'2022-331-002',1,'SPL12',2.0,2.75),(19,'2022-331-002',2,'CAL21',3.0,3.25),(20,'2022-331-002',2,'CO21',3.0,4.00),(21,'2022-331-002',2,'CO22',1.5,3.75),(22,'2022-331-002',2,'DS21',3.0,4.00),(23,'2022-331-002',2,'DS22',2.0,3.50),(24,'2022-331-002',2,'ENG21',3.0,3.75),(25,'2022-331-002',2,'PHY21',3.0,3.75),(26,'2022-331-002',2,'PHY22',2.5,3.50),(27,'2022-331-002',3,'DBMS31',3.0,3.75),(28,'2022-331-002',3,'DBMS32',2.0,4.00),(29,'2022-331-002',3,'DSA31',3.0,3.25),(30,'2022-331-002',3,'ELEC31',3.0,3.50),(31,'2022-331-002',3,'ENG31',3.0,4.00),(32,'2022-331-002',3,'OOP31',3.0,3.75),(33,'2022-331-002',3,'OOP32',2.0,4.00),(34,'2022-331-002',3,'STAT31',3.0,4.00),(35,'2022-331-002',4,'AI41',3.0,3.50),(36,'2022-331-002',4,'CN41',3.0,3.50),(37,'2022-331-002',4,'CN42',2.0,3.25),(38,'2022-331-002',4,'ENG41',3.0,3.75),(39,'2022-331-002',4,'MATH41',3.0,3.75),(40,'2022-331-002',4,'OS41',3.0,4.00),(41,'2022-331-002',4,'OS42',2.0,3.75),(42,'2022-331-002',4,'SE41',3.0,4.00),(67,'2022-331-002',5,'CLOUD51',3.0,4.00),(68,'2022-331-002',5,'DBMS51',3.0,3.75),(69,'2022-331-002',5,'DBMS52',2.0,3.50),(70,'2022-331-002',5,'ENG51',3.0,4.00),(71,'2022-331-002',5,'ML51',3.0,4.00),(72,'2022-331-002',5,'SEC51',3.0,3.75),(73,'2022-331-002',5,'WEB51',3.0,3.50),(74,'2022-331-002',5,'WEB52',2.0,3.25),(75,'2022-331-002',6,'AI61',3.0,4.00),(76,'2022-331-002',6,'APP61',3.0,3.75),(77,'2022-331-002',6,'APP62',2.0,4.00),(78,'2022-331-002',6,'DATA61',3.0,3.75),(79,'2022-331-002',6,'ENG61',3.0,3.75),(80,'2022-331-002',6,'ML62',2.0,3.75),(81,'2022-331-002',6,'PROJECT61',3.0,3.00),(82,'2022-331-002',6,'SEC61',3.0,4.00),(83,'2022-331-002',7,'CLOUD71',3.0,3.50),(84,'2022-331-002',7,'DS71',3.0,3.50),(85,'2022-331-002',7,'ENG71',2.0,0.00),(86,'2022-331-002',7,'IOT71',3.0,3.00),(87,'2022-331-002',7,'IOT72',2.0,3.00),(88,'2022-331-002',7,'PROJECT71',4.0,3.75),(89,'2022-331-002',7,'WEB71',3.0,4.00),(90,'2022-331-002',8,'AI81',3.0,3.50),(91,'2022-331-002',8,'ENG81',3.0,3.50),(92,'2022-331-002',8,'PROJECT81',5.0,0.00),(93,'2022-331-002',8,'SEC81',3.0,3.00),(94,'2022-331-002',8,'WEB81',3.0,3.00),(95,'2022-331-002',8,'',0.0,4.00),(102,'2022-333-001',1,'CHE101',3.0,3.75),(103,'2022-333-001',1,'CHE102',1.5,4.00),(104,'2022-333-001',1,'ENG101',3.0,3.75),(105,'2022-333-001',1,'ENG102',1.5,3.75),(106,'2022-333-001',1,'MATH101',3.0,3.50),(107,'2022-333-001',1,'PHY101',3.0,0.00),(108,'2022-333-001',1,'PHY102',2.0,3.75),(109,'2022-333-001',1,'SWE101',3.0,3.75),(110,'2022-333-001',1,'SWE102',2.0,4.00),(111,'2022-331-001',1,'BE11',3.0,3.75),(112,'2022-331-001',1,'BE12',1.5,4.00),(113,'2022-331-001',1,'BENG11',3.0,3.00),(114,'2022-331-001',1,'BENG12',1.5,3.75),(115,'2022-331-001',1,'BPHY12',2.0,3.75),(116,'2022-331-001',1,'DM11',3.0,4.00),(117,'2022-331-001',1,'LA11',3.0,4.00),(118,'2022-331-001',1,'SPL11',3.0,3.00),(119,'2022-331-001',1,'SPL12',2.0,3.25),(120,'2022-331-001',2,'CAL21',3.0,3.75),(121,'2022-331-001',2,'CO21',3.0,3.50),(122,'2022-331-001',2,'CO22',1.5,3.50),(123,'2022-331-001',2,'DS21',3.0,3.25),(124,'2022-331-001',2,'DS22',2.0,3.75),(125,'2022-331-001',2,'ENG21',3.0,4.00),(126,'2022-331-001',2,'PHY21',3.0,4.00),(127,'2022-331-001',2,'PHY22',2.5,3.00),(128,'2022-331-001',3,'DBMS31',3.0,4.00),(129,'2022-331-001',3,'DBMS32',2.0,4.00),(130,'2022-331-001',3,'DSA31',3.0,3.75),(131,'2022-331-001',3,'ELEC31',3.0,3.75),(132,'2022-331-001',3,'ENG31',3.0,3.25),(133,'2022-331-001',3,'OOP31',3.0,3.25),(134,'2022-331-001',3,'OOP32',2.0,3.25),(135,'2022-331-001',3,'STAT31',3.0,2.50),(136,'2022-331-003',1,'BE11',3.0,4.00),(137,'2022-331-003',1,'BE12',1.5,3.75),(138,'2022-331-003',1,'BENG11',3.0,3.75),(139,'2022-331-003',1,'BENG12',1.5,4.00),(140,'2022-331-003',1,'BPHY12',2.0,3.75),(141,'2022-331-003',1,'DM11',3.0,3.75),(142,'2022-331-003',1,'LA11',3.0,3.50),(143,'2022-331-003',1,'SPL11',3.0,4.00),(144,'2022-331-003',1,'SPL12',2.0,3.75);
/*!40101 SET @saved_cs_client     = @@character_set_client */;
/*!50503 SET character_set_client = utf8mb4 */;
CREATE TABLE `student_semester` (
  `registration_no` varchar(20) NOT NULL,
  `dept` varchar(10) DEFAULT NULL,
  `current_semester` int DEFAULT '1',
  PRIMARY KEY (`registration_no`)
) ENGINE=InnoDB DEFAULT CHARSET=utf8mb4 COLLATE=utf8mb4_0900_ai_ci;
/*!40101 SET character_set_client = @saved_cs_client */;
INSERT INTO `student_semester` VALUES ('-231-001','GE',1),('-331-001','CSE',1),('-null-001','GEO',1),('2022-331-001','CSE',4),('2022-331-002','CSE',8),('2022-331-003','CSE',2),('2022-333-001','SWE',2),('2030-null-001','GEO',1),('2222-334-001','MATH',1),('2323-331-001','CSE',1);
/*!40101 SET @saved_cs_client     = @@character_set_client */;
/*!50503 SET character_set_client = utf8mb4 */;
CREATE TABLE `subject` (
  `rollno` varchar(20) DEFAULT NULL,
  `semester` varchar(20) DEFAULT NULL,
  `subject1` varchar(50) DEFAULT NULL,
  `subject2` varchar(50) DEFAULT NULL,
  `subject3` varchar(50) DEFAULT NULL,
  `subject4` varchar(50) DEFAULT NULL,
  `subject5` varchar(50) DEFAULT NULL
) ENGINE=InnoDB DEFAULT CHARSET=utf8mb4 COLLATE=utf8mb4_0900_ai_ci;
/*!40101 SET character_set_client = @saved_cs_client */;
/*!40101 SET @saved_cs_client     = @@character_set_client */;
/*!50503 SET character_set_client = utf8mb4 */;
CREATE TABLE `teacher` (
  `name` varchar(40) DEFAULT NULL,
  `fname` varchar(40) DEFAULT NULL,
  `empId` varchar(20) DEFAULT NULL,
  `dob` varchar(40) DEFAULT NULL,
  `address` varchar(100) DEFAULT NULL,
  `phone` varchar(20) DEFAULT NULL,
  `email` varchar(40) DEFAULT NULL,
  `bsc_in_sub` varchar(20) DEFAULT NULL,
  `msc_in_sub` varchar(20) DEFAULT NULL,
  `NID` varchar(20) DEFAULT NULL,
  `cgpa_in_bsc` varchar(20) DEFAULT NULL,
  `cgpa_in_msc` varchar(20) DEFAULT NULL,
  `PHD` enum('none','done','running') DEFAULT NULL,
  `department` varchar(40) DEFAULT NULL,
  `position` varchar(50) DEFAULT NULL
) ENGINE=InnoDB DEFAULT CHARSET=utf8mb4 COLLATE=utf8mb4_0900_ai_ci;
/*!40101 SET character_set_client = @saved_cs_client */;
INSERT INTO `teacher` VALUES ('TAYEF','ANWAR','101848','Sep 4, 2025','SYLHET','01646034191','tayef@gmail.com','CSE','','012181313131831','3.5','','none','SWE',NULL),('dqwdqw','ewewqe','1014485','Sep 11, 2025','wewqewq','1111','dsa','dasadas','dasd','dasd','asdda','dasd','none','GE','Professor'),('t','t','1012315','','','t','','tt','','t','','','none','CSE','Lecturer'),('abul','babul','101348','Sep 18, 2025','','0099','aa@gmail.com','CSE','CSE','22121212121','3.98','3.88','none','SWE','Lecturer'),('sadsda','','1011397','','','','','','','','','','none','CSE','Lecturer'),('wewqdqwd','qwedsa','1012873','','qwddas','qweqweqwee','','dqwd','xxasdqwqwdwq','qwewew','eqweq','qwdqw','none','CSE','Lecturer');
